epoch,time,train/box_loss,train/pose_loss,train/kobj_loss,train/cls_loss,train/dfl_loss,metrics/precision(B),metrics/recall(B),metrics/mAP50(B),metrics/mAP50-95(B),metrics/precision(P),metrics/recall(P),metrics/mAP50(P),metrics/mAP50-95(P),val/box_loss,val/pose_loss,val/kobj_loss,val/cls_loss,val/dfl_loss,lr/pg0,lr/pg1,lr/pg2
1,6.59402,1.6927,10.6904,0.58812,2.11198,2.24496,0.0293,1,0.03019,0.00949,0,0,0,0,2.81931,11.7208,0.82218,inf,5.92771,0.00093,0.00093,0.06993
2,10.9145,1.2869,10.2154,0.49488,0.97646,1.84423,0.30952,0.38235,0.16107,0.01624,0,0,0,0,4.11618,11.4208,1.01878,22.5935,4.86234,0.00188976,0.00188976,0.0388898
3,15.3196,1.26371,10.4976,0.50432,0.91578,1.84839,0.00097,0.05882,0.00053,5e-05,0,0,0,0,4.74792,11.6214,0.77091,28.7436,4.41511,0.00284858,0.00284858,0.00784858
4,19.3948,1.15329,10.1321,0.49267,0.92392,1.82226,0.72219,0.70588,0.75039,0.28294,0,0,0,0,2.60711,11.6417,0.83856,4.0164,3.56829,0.00299664,0.00299664,0.00299664
5,24.1149,0.96644,9.9379,0.48928,0.81542,1.62299,0,0,0,0,0,0,0,0,3.90247,11.7147,12.4926,1164.92,376.945,0.00299402,0.00299402,0.00299402
6,28.6461,0.93483,10.0094,0.47574,0.75188,1.55805,0.02856,0.02941,0.0055,0.00127,0,0,0,0,4.75836,11.3382,0.83991,7.26716,6.32682,0.00299066,0.00299066,0.00299066
7,33.1941,0.8993,9.85463,0.48509,0.68585,1.52613,0.18439,0.20588,0.07872,0.01466,0,0,0,0,3.84556,11.1905,0.7532,7.44287,4.26501,0.00298656,0.00298656,0.00298656
8,37.7925,0.84745,9.81648,0.49802,0.66512,1.50917,0.69647,0.94118,0.83023,0.46341,0,0,0,0,1.77646,10.8456,0.77898,1.54672,1.51288,0.00298172,0.00298172,0.00298172
9,42.5055,0.80309,9.90411,0.46368,0.64566,1.44539,0.97006,0.95307,0.99155,0.47919,0,0,0,0,2.07116,11.4968,0.71355,1.7244,2.08626,0.00297614,0.00297614,0.00297614
10,47.5055,0.79547,9.61717,0.46948,0.65101,1.47041,0.68013,0.97059,0.77699,0.33976,0,0,0,0,1.94283,9.86873,0.66037,2.13605,1.92203,0.00296982,0.00296982,0.00296982
11,51.9768,0.75241,9.40884,0.45877,0.61082,1.44262,0.86664,0.95589,0.8702,0.44674,0,0,0,0,1.6525,10.0651,0.67771,1.06505,1.90616,0.00296277,0.00296277,0.00296277
12,56.0952,0.76941,9.69916,0.47994,0.61344,1.41743,0.9334,0.97059,0.98684,0.45453,0,0,0,0,2.00485,10.0245,0.6698,0.96083,2.38048,0.00295499,0.00295499,0.00295499
13,60.5009,0.76566,9.28447,0.44376,0.65586,1.42131,1,0.99716,0.995,0.57901,0,0,0,0,1.66617,10.3639,0.65449,0.74193,1.90511,0.00294648,0.00294648,0.00294648
14,64.8891,0.70163,9.71264,0.45246,0.56739,1.37294,0.91873,0.99754,0.95715,0.60886,0,0,0,0,1.40654,10.0762,0.64831,0.8994,1.37785,0.00293726,0.00293726,0.00293726
15,69.6703,0.69525,9.50443,0.46401,0.59705,1.34352,0.89005,0.97059,0.95119,0.53072,0,0,0,0,1.73589,9.9259,0.68231,0.88185,1.92351,0.00292732,0.00292732,0.00292732
16,73.7622,0.70677,9.39166,0.46428,0.58354,1.36219,0.88445,0.97059,0.93907,0.56901,0,0,0,0,1.5462,9.7618,0.63687,0.71958,1.80377,0.00291667,0.00291667,0.00291667
17,77.8781,0.67142,9.56001,0.44974,0.5684,1.3382,0.9642,0.97059,0.98605,0.5609,0,0,0,0,1.5463,9.75894,0.62784,0.76865,1.66051,0.00290531,0.00290531,0.00290531
18,81.9784,0.63471,9.53012,0.4541,0.5581,1.31581,0.86841,0.97046,0.96766,0.64313,0,0,0,0,1.33184,9.95481,0.75373,0.71925,1.36063,0.00289325,0.00289325,0.00289325
19,86.4887,0.65563,9.14676,0.45059,0.57694,1.33836,0.88886,0.97059,0.97306,0.69547,0,0,0,0,1.17522,9.82356,0.65918,0.9375,1.44505,0.0028805,0.0028805,0.0028805
20,90.8684,0.64763,8.97579,0.43209,0.57419,1.32726,0.96511,0.97059,0.9661,0.6926,0,0,0,0,1.24973,9.19052,0.68795,0.58942,1.1888,0.00286706,0.00286706,0.00286706
21,95.0751,0.62139,9.25629,0.43107,0.52769,1.31875,0.96629,0.97059,0.94762,0.71116,0,0,0,0,1.2415,9.24203,0.78118,0.58552,1.03557,0.00285294,0.00285294,0.00285294
22,99.8718,0.62652,8.98546,0.43864,0.57071,1.31861,0.93895,0.97059,0.95139,0.67414,0,0,0,0,1.21928,8.80528,0.81437,0.71658,1.41827,0.00283814,0.00283814,0.00283814
23,104.015,0.60653,8.8633,0.44598,0.5453,1.29512,0.97489,1,0.995,0.75445,0.03211,0.02941,0.00194,0.00019,1.00562,9.58037,0.74406,0.6272,0.9402,0.00282268,0.00282268,0.00282268
24,109.464,0.61831,8.80251,0.44154,0.5503,1.29845,0.98714,1,0.995,0.75394,0,0,0,0,1.12345,9.34822,0.69155,0.57524,1.03296,0.00280657,0.00280657,0.00280657
25,114.889,0.58488,8.46772,0.42493,0.53509,1.28099,0.97126,0.99396,0.96814,0.69739,0.03742,0.02941,0.00368,0.00037,1.16529,8.29184,0.65229,0.67748,1.13259,0.0027898,0.0027898,0.0027898
26,120.234,0.58474,8.54828,0.41935,0.52688,1.29082,0.91117,0.97059,0.95358,0.65006,0.0278,0.02941,0.00288,0.00029,1.20846,9.32416,0.68106,0.64981,1.27782,0.00277239,0.00277239,0.00277239
27,124.295,0.61388,8.95846,0.42334,0.56557,1.30237,0.96669,1,0.98329,0.69429,0.00328,0.02941,0.00178,0.00018,1.06755,8.85537,0.69822,0.84159,1.3711,0.00275434,0.00275434,0.00275434
28,128.464,0.58254,8.28822,0.40903,0.52443,1.30334,1,0.99311,0.995,0.76113,0.02833,0.02941,0.0032,0.00096,1.02415,8.3323,0.70982,0.54819,1.1252,0.00273567,0.00273567,0.00273567
29,133.073,0.61571,8.54086,0.39702,0.54669,1.30602,0.33316,0.94045,0.34183,0.26167,0,0,0,0,1.04861,8.11353,0.73325,1.81535,1.04477,0.00271639,0.00271639,0.00271639
30,137.119,0.58899,8.28712,0.40448,0.53314,1.27876,0.96478,1,0.99443,0.76606,0,0,0,0,1.1096,8.08178,0.77631,0.60213,1.33134,0.0026965,0.0026965,0.0026965
31,141.807,0.60895,8.15679,0.38491,0.51789,1.30112,0.88751,0.92837,0.9772,0.64343,0.03661,0.05882,0.01055,0.00106,1.33424,7.19028,0.73706,0.70098,1.25952,0.00267602,0.00267602,0.00267602
32,146.042,0.60209,8.10131,0.39918,0.54064,1.28978,0.99923,1,0.995,0.7516,0.03121,0.02941,0.00359,0.00036,1.04483,8.20304,0.71805,0.56768,1.08407,0.00265495,0.00265495,0.00265495
33,150.146,0.54172,8.03016,0.39019,0.49071,1.24384,0.9936,1,0.995,0.69198,0.05936,0.05882,0.00609,0.00061,1.18707,8.4434,0.72708,0.66897,1.23457,0.00263331,0.00263331,0.00263331
34,154.883,0.5596,7.79722,0.39018,0.49611,1.26168,0.99678,1,0.995,0.76844,0.03107,0.02941,0.003,0.0012,1.06273,8.4391,0.66845,0.53713,1.13725,0.00261111,0.00261111,0.00261111
35,159.656,0.573,7.78839,0.37878,0.50018,1.27394,0.99714,1,0.995,0.7755,0.1466,0.14706,0.03989,0.00907,1.07574,6.88762,0.61615,0.5916,1.27621,0.00258835,0.00258835,0.00258835
36,164.49,0.54671,7.68933,0.3827,0.52205,1.26545,0.88591,1,0.97708,0.64322,0.18281,0.20588,0.05724,0.00763,1.23991,7.28554,0.57059,0.76117,1.29668,0.00256505,0.00256505,0.00256505
37,168.514,0.55934,7.4036,0.3684,0.50489,1.23966,0.99642,1,0.995,0.78223,0.16494,0.14706,0.05816,0.00933,1.01459,6.70575,0.56154,0.64966,0.97137,0.00254123,0.00254123,0.00254123
38,172.929,0.50492,7.26191,0.37875,0.4689,1.19565,0.99508,1,0.995,0.76511,0.20515,0.20588,0.05677,0.01123,1.02314,5.67987,0.53458,0.55115,1.1879,0.00251689,0.00251689,0.00251689
39,178.075,0.57536,7.49319,0.35367,0.52698,1.2677,0.99656,1,0.995,0.8089,0.357,0.35294,0.24511,0.03297,0.82365,5.40802,0.54045,0.64693,1.07201,0.00249204,0.00249204,0.00249204
40,182.681,0.56055,7.54922,0.34956,0.54712,1.27173,0.80431,0.94118,0.93648,0.56655,0.1489,0.26471,0.06446,0.01327,1.03916,7.13224,0.59155,1.09496,1.1399,0.0024667,0.0024667,0.0024667
41,186.645,0.52147,7.32115,0.36482,0.50561,1.22076,0.9964,1,0.995,0.76309,0.08951,0.08824,0.03639,0.00959,1.00665,6.22096,0.53544,0.58622,1.16859,0.00244088,0.00244088,0.00244088
42,190.736,0.56677,7.02385,0.34804,0.49042,1.27242,0.99842,0.97059,0.99289,0.72878,0.21204,0.14706,0.08205,0.01425,0.95459,6.24119,0.52973,0.59468,1.11479,0.0024146,0.0024146,0.0024146
43,194.612,0.51506,7.40163,0.34033,0.48718,1.23528,0.9995,1,0.995,0.76196,0.38207,0.35294,0.21414,0.03314,0.95014,5.88063,0.47123,0.59033,1.07226,0.00238786,0.00238786,0.00238786
44,198.565,0.5234,6.966,0.34186,0.49516,1.2367,0.96975,1,0.99443,0.76071,0.17536,0.17647,0.06678,0.01239,0.92615,5.74132,0.41969,0.65295,1.15994,0.00236068,0.00236068,0.00236068
45,202.517,0.51598,6.86671,0.33925,0.47675,1.2392,0.97138,0.99832,0.96729,0.73416,0.29565,0.29412,0.18683,0.03162,0.93115,5.01082,0.4239,0.6592,1.22911,0.00233308,0.00233308,0.00233308
46,206.706,0.49138,6.72729,0.32039,0.47781,1.21229,0.9693,1,0.995,0.80341,0.38116,0.35294,0.23064,0.04589,0.81762,4.80299,0.44883,0.52242,0.98085,0.00230507,0.00230507,0.00230507
47,210.843,0.50244,6.80053,0.31957,0.47581,1.1898,0.99713,1,0.995,0.80827,0.32254,0.32353,0.15332,0.02243,0.7904,5.25692,0.49205,0.67089,1.05218,0.00227666,0.00227666,0.00227666
48,215.016,0.50907,6.69623,0.32765,0.47454,1.22313,0.99633,1,0.995,0.80281,0.24846,0.2626,0.09967,0.02067,0.81546,5.6889,0.48561,0.59445,0.99943,0.00224786,0.00224786,0.00224786
49,219.245,0.51665,6.93424,0.31368,0.48952,1.21128,0.96896,1,0.995,0.78074,0.39899,0.41176,0.26867,0.04647,0.91188,5.01569,0.45762,0.66944,1.15268,0.00221869,0.00221869,0.00221869
50,223.298,0.49527,6.46514,0.31495,0.46222,1.22378,0.99624,1,0.995,0.78534,0.64507,0.64706,0.46554,0.08259,0.79105,4.00785,0.40505,0.59051,1.04145,0.00218918,0.00218918,0.00218918
51,227.627,0.50198,6.79896,0.29915,0.47955,1.22988,0.99758,1,0.995,0.80814,0.42809,0.44034,0.26305,0.05172,0.77505,4.96948,0.42732,0.5205,1.06585,0.00215932,0.00215932,0.00215932
52,231.961,0.50062,6.6214,0.30806,0.45324,1.22029,0.99822,1,0.995,0.79298,0.70454,0.70588,0.52092,0.09165,0.84481,4.22292,0.43488,0.58059,1.13521,0.00212913,0.00212913,0.00212913
53,236.46,0.47316,6.51131,0.2955,0.43717,1.18092,0.99812,1,0.995,0.79717,0.29405,0.29412,0.17983,0.03451,0.84136,4.13827,0.42046,0.59583,1.07707,0.00209864,0.00209864,0.00209864
54,240.86,0.47383,6.60797,0.29179,0.45841,1.1974,0.99797,1,0.995,0.80827,0.70442,0.70588,0.53051,0.11107,0.76779,3.95139,0.44058,0.54309,1.05861,0.00206786,0.00206786,0.00206786
55,245.073,0.45325,6.16208,0.28446,0.43263,1.18208,0.99802,1,0.995,0.80818,0.47959,0.47059,0.31134,0.06148,0.68223,4.15203,0.46729,0.58503,1.04866,0.00203679,0.00203679,0.00203679
56,249.053,0.45475,6.24456,0.28706,0.44702,1.18689,0.99928,1,0.995,0.7857,0.68922,0.67647,0.55977,0.09508,0.74695,4.19345,0.48059,0.63569,1.16908,0.00200546,0.00200546,0.00200546
57,253.073,0.44831,6.24513,0.30083,0.4297,1.18671,0.99722,1,0.995,0.80455,0.73316,0.73529,0.63918,0.12841,0.82585,4.5448,0.42362,0.55325,1.02329,0.00197389,0.00197389,0.00197389
58,257.268,0.44523,6.04412,0.29251,0.4116,1.14813,0.99352,1,0.995,0.77828,0.54516,0.52941,0.39532,0.07483,0.83974,4.37572,0.39353,0.58368,1.09286,0.00194209,0.00194209,0.00194209
59,261.284,0.46894,5.87116,0.28693,0.44321,1.17796,0.96762,1,0.995,0.76997,0.59731,0.61765,0.44808,0.08304,0.77139,4.05512,0.41668,0.61501,1.15443,0.00191006,0.00191006,0.00191006
60,265.295,0.45915,5.75611,0.27418,0.45061,1.17577,0.99681,1,0.995,0.84953,0.67422,0.67647,0.58278,0.12634,0.69343,4.06169,0.42765,0.6099,0.93494,0.00187785,0.00187785,0.00187785
61,269.429,0.41154,5.6737,0.2852,0.42064,1.13276,0.99733,1,0.995,0.84103,0.67459,0.67647,0.53791,0.09709,0.72992,4.38411,0.44936,0.61751,1.07116,0.00184544,0.00184544,0.00184544
62,273.603,0.45555,6.13448,0.2833,0.43487,1.20614,0.9958,1,0.995,0.79632,0.70286,0.70588,0.5458,0.16646,0.92948,3.77733,0.43059,0.55725,1.15948,0.00181288,0.00181288,0.00181288
63,277.61,0.43936,5.91448,0.27275,0.40212,1.16702,0.99709,1,0.995,0.81502,0.82113,0.82353,0.70116,0.20909,0.78279,3.7862,0.41184,0.54474,0.99857,0.00178016,0.00178016,0.00178016
64,281.908,0.44221,5.51089,0.26649,0.43916,1.16003,0.99705,1,0.995,0.82001,0.8211,0.82353,0.70235,0.16587,0.72673,3.70812,0.3818,0.60145,1.1269,0.00174731,0.00174731,0.00174731
65,285.984,0.43739,5.65617,0.27187,0.42946,1.16139,0.99666,1,0.995,0.77746,0.85009,0.85294,0.77844,0.19872,0.77488,3.4212,0.38505,0.57632,1.06588,0.00171434,0.00171434,0.00171434
66,290.1,0.45241,5.78501,0.26141,0.426,1.17614,0.99743,1,0.995,0.83234,0.8507,0.85294,0.7531,0.17762,0.72261,3.71354,0.41868,0.55443,0.94496,0.00168127,0.00168127,0.00168127
67,294.296,0.41864,5.56868,0.26355,0.41383,1.17295,0.99718,1,0.995,0.82107,0.76357,0.76471,0.64395,0.17294,0.78978,3.76097,0.43756,0.52724,0.95427,0.00164811,0.00164811,0.00164811
68,298.339,0.44758,5.52314,0.27722,0.42247,1.16442,0.99815,1,0.995,0.81399,0.77525,0.76471,0.62202,0.13447,0.73982,3.65555,0.42212,0.49809,0.99456,0.00161489,0.00161489,0.00161489
69,302.579,0.44115,5.32585,0.25928,0.40746,1.17662,0.9924,1,0.995,0.84675,0.72821,0.73529,0.62787,0.14961,0.68784,3.20315,0.40019,0.51341,0.96355,0.00158162,0.00158162,0.00158162
70,306.657,0.43519,5.3822,0.25268,0.43039,1.16378,0.99814,1,0.995,0.88382,0.79258,0.79412,0.7236,0.21628,0.6111,3.19656,0.36407,0.52621,0.98834,0.00154832,0.00154832,0.00154832
71,311.092,0.4328,5.48539,0.253,0.41777,1.17156,0.99805,1,0.995,0.86412,0.93934,0.94118,0.90348,0.28026,0.67801,3.10922,0.37064,0.49213,1.10179,0.001515,0.001515,0.001515
72,315.429,0.43178,5.20089,0.26046,0.4187,1.1549,0.99712,1,0.995,0.84481,0.93827,0.94118,0.89726,0.2641,0.69982,3.12515,0.37011,0.53216,1.03637,0.00148168,0.00148168,0.00148168
73,319.435,0.41373,5.15582,0.24275,0.39514,1.13885,0.99821,1,0.995,0.86924,0.9395,0.94118,0.91419,0.31414,0.62826,3.10399,0.3509,0.5354,0.99489,0.00144838,0.00144838,0.00144838
74,323.979,0.41352,5.04664,0.25686,0.39053,1.13046,0.99825,1,0.995,0.88108,0.93953,0.94118,0.93528,0.31009,0.57871,3.1798,0.33596,0.46547,0.9019,0.00141511,0.00141511,0.00141511
75,328.838,0.4359,5.16326,0.26001,0.40553,1.17765,0.9982,1,0.995,0.88692,0.7633,0.76471,0.64678,0.18748,0.55108,3.52934,0.34103,0.48621,0.90828,0.00138189,0.00138189,0.00138189
76,333.255,0.42593,4.86654,0.24377,0.39799,1.13368,0.99799,1,0.995,0.82406,0.90994,0.91176,0.86061,0.30739,0.64953,2.95882,0.34151,0.53403,0.92049,0.00134873,0.00134873,0.00134873
77,337.713,0.39945,4.57565,0.2362,0.37376,1.13292,0.99754,1,0.995,0.88563,0.90952,0.91176,0.89536,0.35372,0.59867,2.79761,0.34942,0.48621,0.93574,0.00131566,0.00131566,0.00131566
78,343.364,0.4214,5.01325,0.24465,0.4039,1.16002,0.99555,1,0.995,0.87391,0.87843,0.88235,0.86784,0.30393,0.66588,2.95483,0.35042,0.50483,1.09003,0.00128269,0.00128269,0.00128269
79,347.63,0.4047,5.04428,0.25175,0.40187,1.12932,0.99816,1,0.995,0.88799,0.93941,0.94118,0.96238,0.34139,0.63079,2.96116,0.34993,0.52492,1.06892,0.00124984,0.00124984,0.00124984
80,351.732,0.38241,4.66028,0.23256,0.37168,1.11953,0.99814,1,0.995,0.87832,0.91041,0.91176,0.89021,0.33689,0.59758,3.05256,0.34197,0.5172,0.99617,0.00121712,0.00121712,0.00121712
81,355.76,0.39231,4.84439,0.24705,0.38116,1.12478,0.99827,1,0.995,0.90207,0.96891,0.97059,0.97455,0.4139,0.5543,2.87391,0.33205,0.51011,0.92852,0.00118456,0.00118456,0.00118456
82,360.062,0.37235,4.73614,0.23727,0.37844,1.11106,0.99818,1,0.995,0.91453,0.93946,0.94118,0.92501,0.3556,0.5225,2.66497,0.34252,0.45409,0.8834,0.00115215,0.00115215,0.00115215
83,364.118,0.36303,4.52842,0.23733,0.37983,1.11355,0.9981,1,0.995,0.91171,0.93939,0.94118,0.93203,0.3504,0.50655,2.83198,0.33791,0.44719,0.86867,0.00111994,0.00111994,0.00111994
84,368.218,0.36607,4.7805,0.23743,0.36017,1.11006,0.99709,1,0.995,0.90591,0.96776,0.97059,0.97061,0.40585,0.53154,2.77314,0.33109,0.45583,0.89266,0.00108791,0.00108791,0.00108791
85,372.362,0.36876,4.75741,0.23517,0.36238,1.10819,0.99772,1,0.995,0.90258,0.96837,0.97059,0.95939,0.39045,0.5819,2.58885,0.3592,0.45591,0.91144,0.00105611,0.00105611,0.00105611
86,376.421,0.36743,4.42859,0.22366,0.37955,1.11008,0.99837,1,0.995,0.90049,0.96901,0.97059,0.97471,0.35557,0.54279,2.76591,0.34462,0.44548,0.90788,0.00102454,0.00102454,0.00102454
87,381.014,0.34987,4.72937,0.23112,0.34689,1.10071,0.99837,1,0.995,0.90632,0.91028,0.91176,0.89722,0.37761,0.52927,2.6355,0.36161,0.45848,0.85543,0.000993208,0.000993208,0.000993208
88,387.441,0.36357,4.51746,0.22866,0.37717,1.12739,0.99836,1,0.995,0.90094,0.99836,1,0.995,0.36948,0.52926,2.68718,0.33816,0.46968,0.87016,0.000962144,0.000962144,0.000962144
89,391.58,0.35652,4.50246,0.23093,0.35687,1.06896,0.99825,1,0.995,0.88343,0.96889,0.97059,0.97498,0.37936,0.57201,2.46468,0.31429,0.45614,0.93845,0.000931358,0.000931358,0.000931358
90,395.584,0.37072,4.60666,0.22719,0.3867,1.10775,0.99752,1,0.995,0.8998,0.96818,0.97059,0.96383,0.40027,0.52264,2.96852,0.32969,0.43992,0.91106,0.000900866,0.000900866,0.000900866
91,399.7,0.36689,4.35913,0.22314,0.38383,1.09762,0.99787,1,0.995,0.89672,0.99787,1,0.995,0.3901,0.52025,2.58908,0.31073,0.42265,0.89403,0.000870683,0.000870683,0.000870683
92,403.788,0.39241,4.30655,0.21863,0.37209,1.12957,0.99824,1,0.995,0.91984,0.91016,0.91176,0.86287,0.307,0.47958,2.94225,0.32038,0.40068,0.88179,0.000840824,0.000840824,0.000840824
93,407.774,0.36373,4.33793,0.22937,0.3576,1.09862,0.99675,1,0.995,0.91009,0.93812,0.94118,0.91222,0.37257,0.51391,2.56625,0.31824,0.44891,0.91265,0.000811305,0.000811305,0.000811305
94,411.794,0.35979,4.3098,0.21577,0.36773,1.09802,0.99761,1,0.995,0.89738,0.94282,0.96988,0.94432,0.35745,0.57433,2.95278,0.34664,0.49057,0.93228,0.00078214,0.00078214,0.00078214
95,415.824,0.37313,4.29716,0.22317,0.36756,1.08671,0.99744,1,0.995,0.8938,0.99744,1,0.995,0.42756,0.58359,2.51248,0.34197,0.4787,0.91708,0.000753345,0.000753345,0.000753345
96,420.118,0.37319,4.18813,0.22184,0.36671,1.11528,0.99755,1,0.995,0.92345,0.99755,1,0.995,0.38391,0.49889,2.69637,0.34206,0.43133,0.8585,0.000724932,0.000724932,0.000724932
97,424.373,0.36653,4.07325,0.22704,0.35929,1.11807,0.9983,1,0.995,0.91006,0.96894,0.97059,0.9659,0.39988,0.46999,2.34225,0.32627,0.42293,0.8301,0.000696918,0.000696918,0.000696918
98,428.448,0.35482,4.05783,0.2167,0.34818,1.08571,0.99815,1,0.995,0.89714,0.96879,0.97059,0.96251,0.43518,0.50372,2.35466,0.32133,0.46261,0.86715,0.000669316,0.000669316,0.000669316
99,432.684,0.35371,3.89136,0.21512,0.35426,1.09209,0.99823,1,0.995,0.89495,0.96887,0.97059,0.96183,0.3669,0.53984,2.54216,0.31597,0.47976,0.86731,0.000642139,0.000642139,0.000642139
100,436.758,0.35322,3.9082,0.21236,0.33679,1.09801,0.99847,1,0.995,0.91536,0.96906,0.97059,0.95896,0.37945,0.47668,2.4632,0.30753,0.4246,0.80974,0.000615402,0.000615402,0.000615402
101,440.894,0.3483,4.00198,0.20022,0.35579,1.08523,0.99837,1,0.995,0.9151,0.99837,1,0.995,0.46342,0.49525,2.28213,0.30794,0.44678,0.81802,0.000589118,0.000589118,0.000589118
102,445.065,0.33908,3.93587,0.19904,0.35924,1.07518,0.99842,1,0.995,0.92026,0.96905,0.97059,0.95681,0.4192,0.46462,2.33729,0.31098,0.40915,0.81023,0.0005633,0.0005633,0.0005633
103,449.002,0.34666,4.12628,0.21287,0.34476,1.10282,0.99833,1,0.995,0.92009,0.96897,0.97059,0.96359,0.38299,0.47057,2.45994,0.32061,0.42559,0.81095,0.000537961,0.000537961,0.000537961
104,452.945,0.34137,4.11527,0.20973,0.34941,1.08263,0.99834,1,0.995,0.90498,0.99834,1,0.995,0.48422,0.4995,2.10385,0.30961,0.41141,0.83565,0.000513114,0.000513114,0.000513114
105,457.376,0.35505,3.72791,0.20482,0.33724,1.09824,0.99839,1,0.995,0.91572,0.99839,1,0.995,0.45732,0.48317,2.19763,0.30114,0.39057,0.85088,0.000488772,0.000488772,0.000488772
106,461.511,0.33079,3.87469,0.21042,0.33636,1.08383,0.9984,1,0.995,0.91641,0.9984,1,0.995,0.44131,0.46007,2.49976,0.29911,0.39841,0.8358,0.000464946,0.000464946,0.000464946
107,465.51,0.34113,4.00773,0.21472,0.3228,1.06322,0.99836,1,0.995,0.93039,0.99836,1,0.995,0.41778,0.4642,2.39674,0.29505,0.39326,0.82942,0.00044165,0.00044165,0.00044165
108,469.4,0.32341,3.83682,0.19866,0.32696,1.07052,0.99852,1,0.995,0.92397,0.96911,0.97059,0.97141,0.46615,0.4869,2.07602,0.29535,0.42077,0.84727,0.000418893,0.000418893,0.000418893
109,473.585,0.32763,4.04616,0.19945,0.33008,1.08342,0.99851,1,0.995,0.92759,0.96914,0.97059,0.96715,0.4809,0.50354,1.93799,0.29384,0.42654,0.83916,0.000396689,0.000396689,0.000396689
110,477.777,0.33743,3.87503,0.20963,0.33218,1.11341,0.99851,1,0.995,0.92495,0.93974,0.94118,0.94349,0.44385,0.46839,2.01461,0.29983,0.39507,0.82306,0.000375048,0.000375048,0.000375048
111,481.783,0.31823,3.52034,0.20856,0.3282,1.06071,0.99845,1,0.995,0.92621,0.96908,0.97059,0.96941,0.45321,0.45588,2.07547,0.31023,0.3954,0.83126,0.00035398,0.00035398,0.00035398
112,485.752,0.34739,3.81545,0.20872,0.34251,1.07918,0.99836,1,0.995,0.92291,0.99836,1,0.995,0.42593,0.45622,2.29842,0.31017,0.38125,0.84335,0.000333498,0.000333498,0.000333498
113,489.76,0.33658,3.68239,0.21302,0.32514,1.08209,0.99834,1,0.995,0.91687,0.99834,1,0.995,0.47632,0.46282,2.10532,0.30834,0.38775,0.83883,0.00031361,0.00031361,0.00031361
114,494.223,0.31638,3.53799,0.21055,0.32731,1.06577,0.99829,1,0.995,0.91047,0.99829,1,0.995,0.49312,0.47388,1.90491,0.29602,0.41101,0.83969,0.000294327,0.000294327,0.000294327
115,498.246,0.3294,3.60534,0.21134,0.34715,1.0766,0.9983,1,0.995,0.92721,0.9983,1,0.995,0.45264,0.45296,2.24802,0.29067,0.40248,0.82071,0.000275659,0.000275659,0.000275659
116,502.343,0.32501,3.8487,0.21799,0.33924,1.0632,0.99836,1,0.995,0.92491,0.99836,1,0.995,0.47882,0.47131,2.04417,0.29146,0.41034,0.83143,0.000257615,0.000257615,0.000257615
117,506.528,0.33831,3.72559,0.20617,0.3434,1.07734,0.99838,1,0.995,0.92001,0.99838,1,0.995,0.50636,0.47706,1.97567,0.28681,0.41207,0.82521,0.000240204,0.000240204,0.000240204
118,510.875,0.31574,3.29637,0.20837,0.31819,1.08393,0.99836,1,0.995,0.92832,0.99836,1,0.995,0.52951,0.45629,1.88659,0.28577,0.38669,0.82378,0.000223434,0.000223434,0.000223434
119,515.206,0.32376,3.48087,0.2039,0.32159,1.07911,0.99834,1,0.995,0.91221,0.99834,1,0.995,0.49783,0.45725,1.95143,0.28368,0.38777,0.82567,0.000207316,0.000207316,0.000207316
120,519.198,0.31764,3.80052,0.20445,0.32642,1.06967,0.99832,1,0.995,0.91002,0.99832,1,0.995,0.52392,0.45035,1.95863,0.28151,0.38317,0.82663,0.000191855,0.000191855,0.000191855
121,523.28,0.32038,3.46399,0.19903,0.3251,1.06911,0.99831,1,0.995,0.91227,0.99831,1,0.995,0.54756,0.44261,1.91342,0.28513,0.37336,0.82885,0.000177061,0.000177061,0.000177061
122,528.269,0.30028,3.41874,0.19489,0.31594,1.04338,0.99827,1,0.995,0.91138,0.99827,1,0.995,0.55551,0.45918,1.89379,0.28454,0.39975,0.84385,0.000162941,0.000162941,0.000162941
123,532.876,0.28898,3.35256,0.19774,0.3229,1.05334,0.99821,1,0.995,0.91565,0.99821,1,0.995,0.54541,0.47189,1.92262,0.28895,0.38877,0.85888,0.000149501,0.000149501,0.000149501
124,537.322,0.30895,3.45041,0.19351,0.33768,1.05688,0.99822,1,0.995,0.92152,0.99822,1,0.995,0.56598,0.4743,1.88238,0.29052,0.39111,0.87086,0.000136749,0.000136749,0.000136749
125,541.999,0.30931,3.55693,0.20705,0.3139,1.04683,0.99841,1,0.995,0.92921,0.99841,1,0.995,0.58495,0.4753,1.88581,0.28987,0.3953,0.86424,0.000124691,0.000124691,0.000124691
126,547.045,0.30058,3.40462,0.19553,0.32136,1.06851,0.99844,1,0.995,0.92873,0.99844,1,0.995,0.56203,0.47542,1.85381,0.28003,0.39822,0.85584,0.000113333,0.000113333,0.000113333
127,551.222,0.31248,3.48728,0.19355,0.31383,1.07485,0.99841,1,0.995,0.94032,0.99841,1,0.995,0.54753,0.45684,1.79845,0.27887,0.38539,0.82905,0.000102681,0.000102681,0.000102681
128,555.45,0.31207,3.58606,0.19757,0.31601,1.07663,0.99847,1,0.995,0.93242,0.99847,1,0.995,0.56088,0.44815,1.7829,0.27233,0.37695,0.81518,9.274e-05,9.274e-05,9.274e-05
129,559.898,0.30622,3.34253,0.19648,0.31998,1.05725,0.99848,1,0.995,0.92433,0.99848,1,0.995,0.5676,0.44465,1.84154,0.27436,0.37603,0.81646,8.35152e-05,8.35152e-05,8.35152e-05
130,564.179,0.30558,3.65244,0.20344,0.32017,1.06026,0.9984,1,0.995,0.92498,0.9984,1,0.995,0.55894,0.44001,1.84059,0.27772,0.37421,0.81976,7.50111e-05,7.50111e-05,7.50111e-05
131,570.222,0.36676,2.41654,0.26645,0.42754,1.03319,0.99841,1,0.995,0.93033,0.99841,1,0.995,0.54466,0.42151,1.83888,0.27575,0.3659,0.81009,6.72321e-05,6.72321e-05,6.72321e-05
132,574.383,0.38173,2.08017,0.25507,0.3833,1.0565,0.9984,1,0.995,0.94044,0.9984,1,0.995,0.52283,0.41457,1.8185,0.27981,0.36567,0.80096,6.0182e-05,6.0182e-05,6.0182e-05
133,578.52,0.35783,2.1345,0.27499,0.35176,1.04233,0.99837,1,0.995,0.94405,0.99837,1,0.995,0.49945,0.41073,1.81641,0.28178,0.37307,0.78719,5.38646e-05,5.38646e-05,5.38646e-05
134,582.858,0.32684,2.01009,0.26137,0.34129,0.99272,0.99837,1,0.995,0.94598,0.99837,1,0.995,0.52312,0.41982,1.8132,0.27732,0.38047,0.79001,4.82828e-05,4.82828e-05,4.82828e-05
135,587.743,0.32655,2.01919,0.25552,0.30119,0.97441,0.99838,1,0.995,0.94681,0.99838,1,0.995,0.52206,0.42173,1.82361,0.27374,0.38387,0.80176,4.34396e-05,4.34396e-05,4.34396e-05
136,592.407,0.31028,1.94644,0.26138,0.30631,0.97416,0.99836,1,0.995,0.94221,0.99836,1,0.995,0.53671,0.41581,1.76453,0.27118,0.37743,0.80169,3.93374e-05,3.93374e-05,3.93374e-05
137,596.56,0.31511,1.89333,0.25473,0.29779,0.96975,0.99835,1,0.995,0.94524,0.99835,1,0.995,0.54382,0.41087,1.74643,0.26621,0.37727,0.79919,3.59782e-05,3.59782e-05,3.59782e-05
138,600.672,0.31152,1.97083,0.25241,0.2863,0.96595,0.99836,1,0.995,0.9563,0.99836,1,0.995,0.56516,0.40312,1.72216,0.26678,0.37433,0.7933,3.33637e-05,3.33637e-05,3.33637e-05
139,605.429,0.30341,1.95399,0.23598,0.28893,0.9509,0.99838,1,0.995,0.96398,0.99838,1,0.995,0.55464,0.39248,1.71463,0.26468,0.37028,0.78406,3.14953e-05,3.14953e-05,3.14953e-05
140,609.573,0.32118,2.03561,0.24905,0.30188,0.99652,0.99838,1,0.995,0.96363,0.99838,1,0.995,0.56933,0.38495,1.67654,0.26131,0.36257,0.77697,3.03739e-05,3.03739e-05,3.03739e-05
