epoch,time,train/box_loss,train/cls_loss,train/dfl_loss,metrics/precision(B),metrics/recall(B),metrics/mAP50(B),metrics/mAP50-95(B),val/box_loss,val/cls_loss,val/dfl_loss,lr/pg0,lr/pg1,lr/pg2
1,21.9467,0,51.49,0,0,0,0,0,5.34169,6.18233,4.11202,0.000370924,0.000370924,0.0756427
2,30.652,0,7e-05,0,0,0,0,0,0,0,0,0.000745868,0.000745868,0.0510176
3,38.958,0,0,0,0,0,0,0,0,0,0,0.00112059,0.00112059,0.0263923
4,47.3303,0,0,0,0,0,0,0,0,0,0,0.00149491,0.00149491,0.00176665
5,55.8584,0,0,0,0,0,0,0,0,0,0,0.00149819,0.00149819,0.00149819
6,64.2474,0,0,0,0,0,0,0,0,0,0,0.00149717,0.00149717,0.00149717
7,72.4963,0,0,0,0,0,0,0,0,0,0,0.00149593,0.00149593,0.00149593
8,81.0791,0,0,0,0,0,0,0,0,0,0,0.00149447,0.00149447,0.00149447
9,89.5042,0,0,0,0,0,0,0,0,0,0,0.00149277,0.00149277,0.00149277
10,98.0336,0,0,0,0,0,0,0,0,0,0,0.00149086,0.00149086,0.00149086
11,106.294,0,0,0,0,0,0,0,0,0,0,0.00148872,0.00148872,0.00148872
12,114.761,0,0,0,0,0,0,0,0,0,0,0.00148636,0.00148636,0.00148636
13,123.316,0,0,0,0,0,0,0,0,0,0,0.00148377,0.00148377,0.00148377
14,132.394,0,0,0,0,0,0,0,0,0,0,0.00148097,0.00148097,0.00148097
15,140.646,0,0,0,0,0,0,0,0,0,0,0.00147794,0.00147794,0.00147794
16,149.154,0,0,0,0,0,0,0,0,0,0,0.0014747,0.0014747,0.0014747
17,157.557,0,0,0,0,0,0,0,0,0,0,0.00147124,0.00147124,0.00147124
18,165.931,0,0,0,0,0,0,0,0,0,0,0.00146756,0.00146756,0.00146756
19,174.307,0,0,0,0,0,0,0,0,0,0,0.00146366,0.00146366,0.00146366
20,182.72,0,0,0,0,0,0,0,0,0,0,0.00145955,0.00145955,0.00145955
21,191.235,0,0,0,0,0,0,0,0,0,0,0.00145522,0.00145522,0.00145522
22,199.451,0,0,0,0,0,0,0,0,0,0,0.00145068,0.00145068,0.00145068
23,207.779,0,0,0,0,0,0,0,0,0,0,0.00144593,0.00144593,0.00144593
24,216.368,0,0,0,0,0,0,0,0,0,0,0.00144097,0.00144097,0.00144097
25,225.453,0,0,0,0,0,0,0,0,0,0,0.00143581,0.00143581,0.00143581
26,233.804,0,0,0,0,0,0,0,0,0,0,0.00143043,0.00143043,0.00143043
27,242.35,0,0,0,0,0,0,0,0,0,0,0.00142485,0.00142485,0.00142485
28,250.779,0,0,0,0,0,0,0,0,0,0,0.00141907,0.00141907,0.00141907
29,259.226,0,0,0,0,0,0,0,0,0,0,0.00141309,0.00141309,0.00141309
30,267.707,0,0,0,0,0,0,0,0,0,0,0.00140691,0.00140691,0.00140691
31,276.281,0,0,0,0,0,0,0,0,0,0,0.00140052,0.00140052,0.00140052
32,284.828,0,0,0,0,0,0,0,0,0,0,0.00139395,0.00139395,0.00139395
33,293.41,0,0,0,0,0,0,0,0,0,0,0.00138718,0.00138718,0.00138718
34,301.772,0,0,0,0,0,0,0,0,0,0,0.00138021,0.00138021,0.00138021
35,310.162,0,0,0,0,0,0,0,0,0,0,0.00137306,0.00137306,0.00137306
36,318.628,0,0,0,0,0,0,0,0,0,0,0.00136572,0.00136572,0.00136572
37,327.227,0,0,0,0,0,0,0,0,0,0,0.0013582,0.0013582,0.0013582
38,335.755,0,0,0,0,0,0,0,0,0,0,0.00135049,0.00135049,0.00135049
39,344.285,0,0,0,0,0,0,0,0,0,0,0.0013426,0.0013426,0.0013426
40,352.71,0,0,0,0,0,0,0,0,0,0,0.00133453,0.00133453,0.00133453
41,361.302,0,0,0,0,0,0,0,0,0,0,0.00132629,0.00132629,0.00132629
42,369.77,0,0,0,0,0,0,0,0,0,0,0.00131787,0.00131787,0.00131787
43,378.37,0,0,0,0,0,0,0,0,0,0,0.00130929,0.00130929,0.00130929
44,386.805,0,0,0,0,0,0,0,0,0,0,0.00130053,0.00130053,0.00130053
45,395.218,0,0,0,0,0,0,0,0,0,0,0.00129161,0.00129161,0.00129161
46,403.682,0,0,0,0,0,0,0,0,0,0,0.00128253,0.00128253,0.00128253
47,412.192,0,0,0,0,0,0,0,0,0,0,0.00127328,0.00127328,0.00127328
48,420.797,0,0,0,0,0,0,0,0,0,0,0.00126388,0.00126388,0.00126388
49,429.129,0,0,0,0,0,0,0,0,0,0,0.00125433,0.00125433,0.00125433
50,437.482,0,0,0,0,0,0,0,0,0,0,0.00124462,0.00124462,0.00124462
51,445.962,0,0,0,0,0,0,0,0,0,0,0.00123477,0.00123477,0.00123477
52,454.236,0,0,0,0,0,0,0,0,0,0,0.00122477,0.00122477,0.00122477
53,462.74,0,0,0,0,0,0,0,0,0,0,0.00121463,0.00121463,0.00121463
54,471.117,0,0,0,0,0,0,0,0,0,0,0.00120435,0.00120435,0.00120435
55,479.633,0,0,0,0,0,0,0,0,0,0,0.00119393,0.00119393,0.00119393
56,488.325,0,0,0,0,0,0,0,0,0,0,0.00118338,0.00118338,0.00118338
57,497.084,0,0,0,0,0,0,0,0,0,0,0.0011727,0.0011727,0.0011727
58,505.713,0,0,0,0,0,0,0,0,0,0,0.00116189,0.00116189,0.00116189
59,514.311,0,0,0,0,0,0,0,0,0,0,0.00115097,0.00115097,0.00115097
60,522.789,0,0,0,0,0,0,0,0,0,0,0.00113992,0.00113992,0.00113992
61,531.165,0,0,0,0,0,0,0,0,0,0,0.00112875,0.00112875,0.00112875
62,539.642,0,0,0,0,0,0,0,0,0,0,0.00111747,0.00111747,0.00111747
63,548.439,0,0,0,0,0,0,0,0,0,0,0.00110608,0.00110608,0.00110608
64,556.968,0,0,0,0,0,0,0,0,0,0,0.00109459,0.00109459,0.00109459
65,565.11,0,0,0,0,0,0,0,0,0,0,0.00108299,0.00108299,0.00108299
66,573.648,0,0,0,0,0,0,0,0,0,0,0.00107129,0.00107129,0.00107129
67,582.14,0,0,0,0,0,0,0,0,0,0,0.0010595,0.0010595,0.0010595
68,591.598,0,0,0,0,0,0,0,0,0,0,0.00104762,0.00104762,0.00104762
69,600.192,0,0,0,0,0,0,0,0,0,0,0.00103565,0.00103565,0.00103565
70,608.997,0,0,0,0,0,0,0,0,0,0,0.00102359,0.00102359,0.00102359
71,619.303,0,0,0,0,0,0,0,0,0,0,0.00101145,0.00101145,0.00101145
72,630.057,0,0,0,0,0,0,0,0,0,0,0.000999234,0.000999234,0.000999234
73,638.665,0,0,0,0,0,0,0,0,0,0,0.000986945,0.000986945,0.000986945
74,648.847,0,0,0,0,0,0,0,0,0,0,0.000974586,0.000974586,0.000974586
75,661.85,0,0,0,0,0,0,0,0,0,0,0.000962161,0.000962161,0.000962161
76,670.243,0,0,0,0,0,0,0,0,0,0,0.000949673,0.000949673,0.000949673
77,680.483,0,0,0,0,0,0,0,0,0,0,0.000937127,0.000937127,0.000937127
78,689.372,0,0,0,0,0,0,0,0,0,0,0.000924526,0.000924526,0.000924526
79,697.846,0,0,0,0,0,0,0,0,0,0,0.000911874,0.000911874,0.000911874
80,712.296,0,0,0,0,0,0,0,0,0,0,0.000899176,0.000899176,0.000899176
81,720.648,0,0,0,0,0,0,0,0,0,0,0.000886434,0.000886434,0.000886434
82,729.177,0,0,0,0,0,0,0,0,0,0,0.000873653,0.000873653,0.000873653
83,737.8,0,0,0,0,0,0,0,0,0,0,0.000860836,0.000860836,0.000860836
84,746.156,0,0,0,0,0,0,0,0,0,0,0.000847988,0.000847988,0.000847988
85,755.038,0,0,0,0,0,0,0,0,0,0,0.000835112,0.000835112,0.000835112
86,763.302,0,0,0,0,0,0,0,0,0,0,0.000822213,0.000822213,0.000822213
87,771.732,0,0,0,0,0,0,0,0,0,0,0.000809294,0.000809294,0.000809294
88,780.099,0,0,0,0,0,0,0,0,0,0,0.000796359,0.000796359,0.000796359
89,793.459,0,0,0,0,0,0,0,0,0,0,0.000783413,0.000783413,0.000783413
90,801.974,0,0,0,0,0,0,0,0,0,0,0.000770458,0.000770458,0.000770458
91,810.34,0,0,0,0,0,0,0,0,0,0,0.0007575,0.0007575,0.0007575
92,818.797,0,0,0,0,0,0,0,0,0,0,0.000744542,0.000744542,0.000744542
93,827.23,0,0,0,0,0,0,0,0,0,0,0.000731587,0.000731587,0.000731587
94,835.558,0,0,0,0,0,0,0,0,0,0,0.000718641,0.000718641,0.000718641
95,844.292,0,0,0,0,0,0,0,0,0,0,0.000705706,0.000705706,0.000705706
96,852.703,0,0,0,0,0,0,0,0,0,0,0.000692787,0.000692787,0.000692787
97,861.009,0,0,0,0,0,0,0,0,0,0,0.000679888,0.000679888,0.000679888
98,869.353,0,0,0,0,0,0,0,0,0,0,0.000667012,0.000667012,0.000667012
99,877.818,0,0,0,0,0,0,0,0,0,0,0.000654164,0.000654164,0.000654164
100,886.703,0,0,0,0,0,0,0,0,0,0,0.000641347,0.000641347,0.000641347
101,895.267,0,0,0,0,0,0,0,0,0,0,0.000628566,0.000628566,0.000628566
102,903.752,0,0,0,0,0,0,0,0,0,0,0.000615824,0.000615824,0.000615824
103,912.333,0,0,0,0,0,0,0,0,0,0,0.000603126,0.000603126,0.000603126
104,920.846,0,0,0,0,0,0,0,0,0,0,0.000590474,0.000590474,0.000590474
105,930.466,0,0,0,0,0,0,0,0,0,0,0.000577873,0.000577873,0.000577873
106,939.129,0,0,0,0,0,0,0,0,0,0,0.000565327,0.000565327,0.000565327
107,947.664,0,0,0,0,0,0,0,0,0,0,0.000552839,0.000552839,0.000552839
108,956.206,0,0,0,0,0,0,0,0,0,0,0.000540414,0.000540414,0.000540414
109,964.593,0,0,0,0,0,0,0,0,0,0,0.000528055,0.000528055,0.000528055
110,973.298,0,0,0,0,0,0,0,0,0,0,0.000515766,0.000515766,0.000515766
111,982.036,0,0,0,0,0,0,0,0,0,0,0.00050355,0.00050355,0.00050355
112,990.365,0,0,0,0,0,0,0,0,0,0,0.000491412,0.000491412,0.000491412
113,998.84,0,0,0,0,0,0,0,0,0,0,0.000479355,0.000479355,0.000479355
114,1007.5,0,0,0,0,0,0,0,0,0,0,0.000467382,0.000467382,0.000467382
115,1016.09,0,0,0,0,0,0,0,0,0,0,0.000455498,0.000455498,0.000455498
116,1024.41,0,0,0,0,0,0,0,0,0,0,0.000443706,0.000443706,0.000443706
117,1032.9,0,0,0,0,0,0,0,0,0,0,0.000432009,0.000432009,0.000432009
118,1041.36,0,0,0,0,0,0,0,0,0,0,0.000420412,0.000420412,0.000420412
119,1050.01,0,0,0,0,0,0,0,0,0,0,0.000408917,0.000408917,0.000408917
120,1058.39,0,0,0,0,0,0,0,0,0,0,0.000397529,0.000397529,0.000397529
121,1066.82,0,0,0,0,0,0,0,0,0,0,0.00038625,0.00038625,0.00038625
122,1075.37,0,0,0,0,0,0,0,0,0,0,0.000375084,0.000375084,0.000375084
123,1084.09,0,0,0,0,0,0,0,0,0,0,0.000364035,0.000364035,0.000364035
124,1092.4,0,0,0,0,0,0,0,0,0,0,0.000353106,0.000353106,0.000353106
125,1100.77,0,0,0,0,0,0,0,0,0,0,0.000342299,0.000342299,0.000342299
126,1109.34,0,0,0,0,0,0,0,0,0,0,0.000331619,0.000331619,0.000331619
127,1117.79,0,0,0,0,0,0,0,0,0,0,0.000321069,0.000321069,0.000321069
128,1126.38,0,0,0,0,0,0,0,0,0,0,0.000310652,0.000310652,0.000310652
129,1134.69,0,0,0,0,0,0,0,0,0,0,0.000300371,0.000300371,0.000300371
130,1143.22,0,0,0,0,0,0,0,0,0,0,0.00029023,0.00029023,0.00029023
131,1151.66,0,0,0,0,0,0,0,0,0,0,0.00028023,0.00028023,0.00028023
132,1160.12,0,0,0,0,0,0,0,0,0,0,0.000270376,0.000270376,0.000270376
133,1168.48,0,0,0,0,0,0,0,0,0,0,0.000260671,0.000260671,0.000260671
134,1177.32,0,0,0,0,0,0,0,0,0,0,0.000251116,0.000251116,0.000251116
135,1185.94,0,0,0,0,0,0,0,0,0,0,0.000241716,0.000241716,0.000241716
136,1194.27,0,0,0,0,0,0,0,0,0,0,0.000232473,0.000232473,0.000232473
137,1202.47,0,0,0,0,0,0,0,0,0,0,0.00022339,0.00022339,0.00022339
138,1210.95,0,0,0,0,0,0,0,0,0,0,0.00021447,0.00021447,0.00021447
139,1219.35,0,0,0,0,0,0,0,0,0,0,0.000205715,0.000205715,0.000205715
140,1227.71,0,0,0,0,0,0,0,0,0,0,0.000197128,0.000197128,0.000197128
141,1236.1,0,0,0,0,0,0,0,0,0,0,0.000188712,0.000188712,0.000188712
142,1244.49,0,0,0,0,0,0,0,0,0,0,0.000180469,0.000180469,0.000180469
143,1252.97,0,0,0,0,0,0,0,0,0,0,0.000172402,0.000172402,0.000172402
144,1261.35,0,0,0,0,0,0,0,0,0,0,0.000164513,0.000164513,0.000164513
145,1269.65,0,0,0,0,0,0,0,0,0,0,0.000156805,0.000156805,0.000156805
146,1278.21,0,0,0,0,0,0,0,0,0,0,0.00014928,0.00014928,0.00014928
147,1286.63,0,0,0,0,0,0,0,0,0,0,0.00014194,0.00014194,0.00014194
148,1295.08,0,0,0,0,0,0,0,0,0,0,0.000134787,0.000134787,0.000134787
149,1303.68,0,0,0,0,0,0,0,0,0,0,0.000127824,0.000127824,0.000127824
150,1312.48,0,0,0,0,0,0,0,0,0,0,0.000121053,0.000121053,0.000121053
151,1320.8,0,0,0,0,0,0,0,0,0,0,0.000114476,0.000114476,0.000114476
152,1329.11,0,0,0,0,0,0,0,0,0,0,0.000108095,0.000108095,0.000108095
153,1338.12,0,0,0,0,0,0,0,0,0,0,0.000101911,0.000101911,0.000101911
154,1346.54,0,0,0,0,0,0,0,0,0,0,9.59277e-05,9.59277e-05,9.59277e-05
155,1355.69,0,0,0,0,0,0,0,0,0,0,9.01454e-05,9.01454e-05,9.01454e-05
156,1364.61,0,0,0,0,0,0,0,0,0,0,8.45665e-05,8.45665e-05,8.45665e-05
157,1374.21,0,0,0,0,0,0,0,0,0,0,7.91925e-05,7.91925e-05,7.91925e-05
158,1382.59,0,0,0,0,0,0,0,0,0,0,7.40251e-05,7.40251e-05,7.40251e-05
159,1391.47,0,0,0,0,0,0,0,0,0,0,6.9066e-05,6.9066e-05,6.9066e-05
160,1399.7,0,0,0,0,0,0,0,0,0,0,6.43165e-05,6.43165e-05,6.43165e-05
161,1408.15,0,0,0,0,0,0,0,0,0,0,5.97782e-05,5.97782e-05,5.97782e-05
162,1417.25,0,0,0,0,0,0,0,0,0,0,5.54525e-05,5.54525e-05,5.54525e-05
163,1426.18,0,0,0,0,0,0,0,0,0,0,5.13405e-05,5.13405e-05,5.13405e-05
164,1434.34,0,0,0,0,0,0,0,0,0,0,4.74437e-05,4.74437e-05,4.74437e-05
165,1442.82,0,0,0,0,0,0,0,0,0,0,4.37632e-05,4.37632e-05,4.37632e-05
166,1452.25,0,0,0,0,0,0,0,0,0,0,4.03001e-05,4.03001e-05,4.03001e-05
167,1460.66,0,0,0,0,0,0,0,0,0,0,3.70554e-05,3.70554e-05,3.70554e-05
168,1469.17,0,0,0,0,0,0,0,0,0,0,3.40302e-05,3.40302e-05,3.40302e-05
169,1478.42,0,0,0,0,0,0,0,0,0,0,3.12254e-05,3.12254e-05,3.12254e-05
170,1486.87,0,0,0,0,0,0,0,0,0,0,2.86418e-05,2.86418e-05,2.86418e-05
171,1495.48,0,0,0,0,0,0,0,0,0,0,2.62802e-05,2.62802e-05,2.62802e-05
172,1504.11,0,0,0,0,0,0,0,0,0,0,2.41414e-05,2.41414e-05,2.41414e-05
173,1512.37,0,0,0,0,0,0,0,0,0,0,2.2226e-05,2.2226e-05,2.2226e-05
174,1523.19,0,0,0,0,0,0,0,0,0,0,2.05345e-05,2.05345e-05,2.05345e-05
175,1531.61,0,0,0,0,0,0,0,0,0,0,1.90675e-05,1.90675e-05,1.90675e-05
176,1540.04,0,0,0,0,0,0,0,0,0,0,1.78254e-05,1.78254e-05,1.78254e-05
177,1548.58,0,0,0,0,0,0,0,0,0,0,1.68087e-05,1.68087e-05,1.68087e-05
178,1556.89,0,0,0,0,0,0,0,0,0,0,1.60176e-05,1.60176e-05,1.60176e-05
179,1565.2,0,0,0,0,0,0,0,0,0,0,1.54523e-05,1.54523e-05,1.54523e-05
180,1573.8,0,0,0,0,0,0,0,0,0,0,1.51131e-05,1.51131e-05,1.51131e-05
